{
  "model": {
    "type": "minecraft:composite",
    "models": [
      {
        "type": "minecraft:condition",
        "property": "minecraft:component",
        "predicate": "minecraft:enchantments",
        "value": [
          {
            "enchantments": [
              "minecraft:wind_burst"
            ]
          }
        ],
        "on_true": {
          "type": "minecraft:model",
          "model": "minecraft:item/mace_handheld_wind"
        },
        "on_false": {
          "type": "minecraft:empty"
        }
      },
      {
        "type": "minecraft:condition",
        "property": "minecraft:component",
        "predicate": "minecraft:enchantments",
        "value": [
          {
            "enchantments": [
              "minecraft:breach",
              "minecraft:density"
            ]
          }
        ],
        "on_true": {
          "type": "minecraft:model",
          "model": "minecraft:item/mace_handheld_spikes"
        },
        "on_false": {
          "type": "minecraft:empty"
        }
      },
      {
        "type": "minecraft:select",
        "property": "minecraft:display_context",
        "cases": [
          {
            "when": [
              "gui",
              "ground",
              "fixed",
			  "on_shelf"
            ],
            "model": {
              "type": "minecraft:model",
              "model": "minecraft:item/mace"
            }
          },
          {
            "when": "none",
            "model": {
              "type": "minecraft:bundle/selected_item"
            }
          }
        ],
        "fallback": {
          "type": "minecraft:model",
          "model": "minecraft:item/mace_handheld"
        }
      }
    ]
  }
}