{
	"format_version": "1.21.6",
	"credit": "Made with Blockbench",
	"texture_size": [32, 32],
	"textures": {
		"1": "item/mace_handheld"
	},
	"elements": [
		{
			"name": "heavy_core",
			"from": [0, 15, 0],
			"to": [6, 21, 6],
			"rotation": {"angle": 0, "axis": "y", "origin": [0, 15, 0]},
			"faces": {
				"north": {"uv": [0, 4, 4, 8], "texture": "#1"},
				"east": {"uv": [0, 4, 4, 8], "texture": "#1"},
				"south": {"uv": [0, 4, 4, 8], "texture": "#1"},
				"west": {"uv": [0, 4, 4, 8], "texture": "#1"},
				"up": {"uv": [0, 0, 4, 4], "texture": "#1"},
				"down": {"uv": [8, 4, 4, 0], "rotation": 90, "texture": "#1"}
			}
		},
		{
			"name": "helm",
			"from": [1.5, 4, 1.5],
			"to": [4.5, 7, 4.5],
			"rotation": {"angle": 0, "axis": "y", "origin": [1, 4, 1]},
			"faces": {
				"north": {"uv": [4, 5, 5.5, 6.5], "texture": "#1"},
				"east": {"uv": [4, 5, 5.5, 6.5], "texture": "#1"},
				"south": {"uv": [4, 5, 5.5, 6.5], "texture": "#1"},
				"west": {"uv": [4, 5, 5.5, 6.5], "texture": "#1"},
				"up": {"uv": [5.5, 5, 7, 6.5], "texture": "#1"},
				"down": {"uv": [4, 6.5, 5.5, 8], "texture": "#1"}
			}
		},
		{
			"name": "shaft",
			"from": [2, 7, 2],
			"to": [4, 15, 4],
			"rotation": {"angle": 0, "axis": "y", "origin": [2, 5, 2]},
			"faces": {
				"north": {"uv": [8, 0, 9, 4], "texture": "#1"},
				"east": {"uv": [9, 0, 8, 4], "texture": "#1"},
				"south": {"uv": [8, 0, 9, 4], "texture": "#1"},
				"west": {"uv": [9, 0, 8, 4], "texture": "#1"},
				"up": {"uv": [8, 4, 9, 5], "texture": "#1"},
				"down": {"uv": [8, 4, 9, 5], "texture": "#1"}
			}
		},
		{
			"name": "spike",
			"from": [2, 17, 6],
			"to": [4, 19, 8],
			"rotation": {"angle": 0, "axis": "y", "origin": [2, 17, 6]},
			"faces": {
				"north": {"uv": [4, 4, 5, 5], "texture": "#1"},
				"east": {"uv": [5, 4, 4, 5], "texture": "#1"},
				"south": {"uv": [4, 4, 5, 5], "texture": "#1"},
				"west": {"uv": [5, 4, 4, 5], "texture": "#1"},
				"up": {"uv": [4, 5, 5, 4], "texture": "#1"},
				"down": {"uv": [5, 5, 4, 4], "texture": "#1"}
			}
		},
		{
			"name": "spike",
			"from": [6, 17, 2],
			"to": [8, 19, 4],
			"rotation": {"angle": 0, "axis": "y", "origin": [6, 17, 2]},
			"faces": {
				"north": {"uv": [5, 4, 4, 5], "texture": "#1"},
				"east": {"uv": [4, 4, 5, 5], "texture": "#1"},
				"south": {"uv": [4, 4, 5, 5], "texture": "#1"},
				"west": {"uv": [5, 4, 4, 5], "texture": "#1"},
				"up": {"uv": [4, 4, 5, 5], "texture": "#1"},
				"down": {"uv": [5, 5, 4, 4], "texture": "#1"}
			}
		},
		{
			"name": "spike",
			"from": [2, 17, -2],
			"to": [4, 19, 0],
			"rotation": {"angle": 0, "axis": "y", "origin": [2, 17, -2]},
			"faces": {
				"north": {"uv": [4, 4, 5, 5], "texture": "#1"},
				"east": {"uv": [4, 4, 5, 5], "texture": "#1"},
				"south": {"uv": [4, 4, 5, 5], "texture": "#1"},
				"west": {"uv": [5, 4, 4, 5], "texture": "#1"},
				"up": {"uv": [5, 4, 4, 5], "texture": "#1"},
				"down": {"uv": [5, 5, 4, 4], "texture": "#1"}
			}
		},
		{
			"name": "spike",
			"from": [-2, 17, 2],
			"to": [0, 19, 4],
			"rotation": {"angle": 0, "axis": "y", "origin": [-2, 17, 2]},
			"faces": {
				"north": {"uv": [4, 4, 5, 5], "texture": "#1"},
				"east": {"uv": [4, 4, 5, 5], "texture": "#1"},
				"south": {"uv": [5, 4, 4, 5], "texture": "#1"},
				"west": {"uv": [4, 4, 5, 5], "texture": "#1"},
				"up": {"uv": [5, 5, 4, 4], "texture": "#1"},
				"down": {"uv": [5, 5, 4, 4], "texture": "#1"}
			}
		},
		{
			"name": "spike inverted",
			"from": [4, 19, 0],
			"to": [2, 17, -2],
			"rotation": {"angle": 0, "axis": "y", "origin": [2, 17, -2]},
			"faces": {
				"north": {"uv": [4, 5, 5, 4], "texture": "#1"},
				"east": {"uv": [5, 5, 4, 4], "texture": "#1"},
				"south": {"uv": [4, 5, 5, 4], "texture": "#1"},
				"west": {"uv": [4, 5, 5, 4], "texture": "#1"},
				"up": {"uv": [4, 5, 5, 4], "texture": "#1"},
				"down": {"uv": [4, 4, 5, 5], "texture": "#1"}
			}
		},
		{
			"name": "spike inverted",
			"from": [8, 19, 4],
			"to": [6, 17, 2],
			"rotation": {"angle": 0, "axis": "y", "origin": [6, 17, 2]},
			"faces": {
				"north": {"uv": [4, 5, 5, 4], "texture": "#1"},
				"east": {"uv": [5, 5, 4, 4], "texture": "#1"},
				"south": {"uv": [5, 5, 4, 4], "texture": "#1"},
				"west": {"uv": [4, 5, 5, 4], "texture": "#1"},
				"up": {"uv": [4, 5, 5, 4], "texture": "#1"},
				"down": {"uv": [5, 4, 4, 5], "texture": "#1"}
			}
		},
		{
			"name": "spike inverted",
			"from": [4, 19, 8],
			"to": [2, 17, 6],
			"rotation": {"angle": 0, "axis": "y", "origin": [2, 17, 6]},
			"faces": {
				"north": {"uv": [4, 5, 5, 4], "texture": "#1"},
				"east": {"uv": [5, 5, 4, 4], "texture": "#1"},
				"south": {"uv": [4, 5, 5, 4], "texture": "#1"},
				"west": {"uv": [5, 5, 4, 4], "texture": "#1"},
				"up": {"uv": [4, 5, 5, 4], "texture": "#1"},
				"down": {"uv": [5, 5, 4, 4], "texture": "#1"}
			}
		},
		{
			"name": "spike inverted",
			"from": [0, 19, 4],
			"to": [-2, 17, 2],
			"rotation": {"angle": 0, "axis": "y", "origin": [-2, 17, 2]},
			"faces": {
				"north": {"uv": [5, 5, 4, 4], "texture": "#1"},
				"east": {"uv": [4, 5, 5, 4], "texture": "#1"},
				"south": {"uv": [4, 5, 5, 4], "texture": "#1"},
				"west": {"uv": [4, 5, 5, 4], "texture": "#1"},
				"up": {"uv": [4, 5, 5, 4], "texture": "#1"},
				"down": {"uv": [4, 5, 5, 4], "texture": "#1"}
			}
		},
		{
			"name": "top_spike",
			"from": [2, 21, 2],
			"to": [4, 23, 4],
			"rotation": {"angle": 0, "axis": "y", "origin": [2, 21, 2]},
			"faces": {
				"north": {"uv": [5, 4, 4, 5], "texture": "#1"},
				"east": {"uv": [4, 4, 5, 5], "texture": "#1"},
				"south": {"uv": [5, 4, 4, 5], "texture": "#1"},
				"west": {"uv": [4, 4, 5, 5], "texture": "#1"},
				"up": {"uv": [5.5, 5, 6.5, 4], "texture": "#1"},
				"down": {"uv": [5, 5, 4, 4], "texture": "#1"}
			}
		}
	],
	"gui_light": "front",
	"display": {
		"thirdperson_righthand": {
			"translation": [5, -3, 6.05]
		},
		"thirdperson_lefthand": {
			"translation": [-5, -3, 6]
		},
		"firstperson_righthand": {
			"rotation": [-6, -3, 0],
			"translation": [14, -7.5, 1],
			"scale": [1.5, 1.5, 1.5]
		},
		"firstperson_lefthand": {
			"rotation": [-6, -3, 0],
			"translation": [-2, -7.5, 1],
			"scale": [1.5, 1.5, 1.5]
		},
		"ground": {
			"rotation": [0, 0, -90],
			"translation": [-1, -3.25, 4.25],
			"scale": [0, 0, 0]
		},
		"gui": {
			"rotation": [90, 45, -90],
			"translation": [3.5, -6.25, 0],
			"scale": [0, 0, 0]
		},
		"head": {
			"rotation": [0, 0, 135.75],
			"translation": [5.75, 27.75, 7.25],
			"scale": [1.5, 1.5, 1.5]
		},
		"fixed": {
			"rotation": [90, 45.5, -90],
			"translation": [4, -7, -8],
			"scale": [0, 0, 0]
		},
		"on_shelf": {
			"scale": [0, 0, 0]
		}
	}
}