{
	"format_version": "1.21.6",
	"credit": "Made with Blockbench",
	"parent": "minecraft:item/handheld_mace",
	"textures": {
		"1": "item/mace",
		"particle": "item/mace"
	},
	"elements": [
		{
			"name": "mace_0",
			"from": [9, 15, 8],
			"to": [10, 16, 9],
			"rotation": {"angle": 0, "axis": "x", "origin": [0, 16, 8]},
			"faces": {
				"north": {"uv": [9, 1, 10, 0], "rotation": 180, "texture": "#1"},
				"east": {"uv": [9, 0, 10, 1], "texture": "#1"},
				"south": {"uv": [9, 0, 10, 1], "texture": "#1"},
				"west": {"uv": [9, 0, 10, 1], "texture": "#1"},
				"up": {"uv": [10, 0, 9, 1], "rotation": 180, "texture": "#1"},
				"down": {"uv": [9, 0, 10, 1], "texture": "#1"}
			}
		},
		{
			"name": "mace_1",
			"from": [10, 15, 8],
			"to": [11, 16, 9],
			"rotation": {"angle": 0, "axis": "x", "origin": [0, 16, 8]},
			"faces": {
				"north": {"uv": [10, 1, 11, 0], "rotation": 180, "texture": "#1"},
				"east": {"uv": [10, 0, 11, 1], "texture": "#1"},
				"south": {"uv": [10, 0, 11, 1], "texture": "#1"},
				"west": {"uv": [10, 0, 11, 1], "texture": "#1"},
				"up": {"uv": [11, 0, 10, 1], "rotation": 180, "texture": "#1"},
				"down": {"uv": [10, 0, 11, 1], "texture": "#1"}
			}
		},
		{
			"name": "mace_2",
			"from": [8, 14, 8],
			"to": [9, 15, 9],
			"rotation": {"angle": 0, "axis": "x", "origin": [0, 16, 8]},
			"faces": {
				"north": {"uv": [8, 2, 9, 1], "rotation": 180, "texture": "#1"},
				"east": {"uv": [8, 1, 9, 2], "texture": "#1"},
				"south": {"uv": [8, 1, 9, 2], "texture": "#1"},
				"west": {"uv": [8, 1, 9, 2], "texture": "#1"},
				"up": {"uv": [9, 1, 8, 2], "rotation": 180, "texture": "#1"},
				"down": {"uv": [8, 1, 9, 2], "texture": "#1"}
			}
		},
		{
			"name": "mace_3",
			"from": [9, 14, 8],
			"to": [10, 15, 9],
			"rotation": {"angle": 0, "axis": "x", "origin": [0, 16, 8]},
			"faces": {
				"north": {"uv": [9, 2, 10, 1], "rotation": 180, "texture": "#1"},
				"east": {"uv": [9, 1, 10, 2], "texture": "#1"},
				"south": {"uv": [9, 1, 10, 2], "texture": "#1"},
				"west": {"uv": [9, 1, 10, 2], "texture": "#1"},
				"up": {"uv": [10, 1, 9, 2], "rotation": 180, "texture": "#1"},
				"down": {"uv": [9, 1, 10, 2], "texture": "#1"}
			}
		},
		{
			"name": "mace_4",
			"from": [10, 14, 8],
			"to": [11, 15, 9],
			"rotation": {"angle": 0, "axis": "x", "origin": [0, 16, 8]},
			"faces": {
				"north": {"uv": [10, 2, 11, 1], "rotation": 180, "texture": "#1"},
				"east": {"uv": [10, 1, 11, 2], "texture": "#1"},
				"south": {"uv": [10, 1, 11, 2], "texture": "#1"},
				"west": {"uv": [10, 1, 11, 2], "texture": "#1"},
				"up": {"uv": [11, 1, 10, 2], "rotation": 180, "texture": "#1"},
				"down": {"uv": [10, 1, 11, 2], "texture": "#1"}
			}
		},
		{
			"name": "mace_5",
			"from": [11, 14, 8],
			"to": [12, 15, 9],
			"rotation": {"angle": 0, "axis": "x", "origin": [0, 16, 8]},
			"faces": {
				"north": {"uv": [11, 2, 12, 1], "rotation": 180, "texture": "#1"},
				"east": {"uv": [11, 1, 12, 2], "texture": "#1"},
				"south": {"uv": [11, 1, 12, 2], "texture": "#1"},
				"west": {"uv": [11, 1, 12, 2], "texture": "#1"},
				"up": {"uv": [12, 1, 11, 2], "rotation": 180, "texture": "#1"},
				"down": {"uv": [11, 1, 12, 2], "texture": "#1"}
			}
		},
		{
			"name": "mace_6",
			"from": [13, 14, 8],
			"to": [14, 15, 9],
			"rotation": {"angle": 0, "axis": "x", "origin": [0, 16, 8]},
			"faces": {
				"north": {"uv": [13, 2, 14, 1], "rotation": 180, "texture": "#1"},
				"east": {"uv": [13, 1, 14, 2], "texture": "#1"},
				"south": {"uv": [13, 1, 14, 2], "texture": "#1"},
				"west": {"uv": [13, 1, 14, 2], "texture": "#1"},
				"up": {"uv": [14, 1, 13, 2], "rotation": 180, "texture": "#1"},
				"down": {"uv": [13, 1, 14, 2], "texture": "#1"}
			}
		},
		{
			"name": "mace_7",
			"from": [14, 14, 8],
			"to": [15, 15, 9],
			"rotation": {"angle": 0, "axis": "x", "origin": [0, 16, 8]},
			"faces": {
				"north": {"uv": [14, 2, 15, 1], "rotation": 180, "texture": "#1"},
				"east": {"uv": [14, 1, 15, 2], "texture": "#1"},
				"south": {"uv": [14, 1, 15, 2], "texture": "#1"},
				"west": {"uv": [14, 1, 15, 2], "texture": "#1"},
				"up": {"uv": [15, 1, 14, 2], "rotation": 180, "texture": "#1"},
				"down": {"uv": [14, 1, 15, 2], "texture": "#1"}
			}
		},
		{
			"name": "mace_8",
			"from": [7, 13, 8],
			"to": [8, 14, 9],
			"rotation": {"angle": 0, "axis": "x", "origin": [0, 16, 8]},
			"faces": {
				"north": {"uv": [7, 3, 8, 2], "rotation": 180, "texture": "#1"},
				"east": {"uv": [7, 2, 8, 3], "texture": "#1"},
				"south": {"uv": [7, 2, 8, 3], "texture": "#1"},
				"west": {"uv": [7, 2, 8, 3], "texture": "#1"},
				"up": {"uv": [8, 2, 7, 3], "rotation": 180, "texture": "#1"},
				"down": {"uv": [7, 2, 8, 3], "texture": "#1"}
			}
		},
		{
			"name": "mace_9",
			"from": [8, 13, 8],
			"to": [9, 14, 9],
			"rotation": {"angle": 0, "axis": "x", "origin": [0, 16, 8]},
			"faces": {
				"north": {"uv": [8, 3, 9, 2], "rotation": 180, "texture": "#1"},
				"east": {"uv": [8, 2, 9, 3], "texture": "#1"},
				"south": {"uv": [8, 2, 9, 3], "texture": "#1"},
				"west": {"uv": [8, 2, 9, 3], "texture": "#1"},
				"up": {"uv": [9, 2, 8, 3], "rotation": 180, "texture": "#1"},
				"down": {"uv": [8, 2, 9, 3], "texture": "#1"}
			}
		},
		{
			"name": "mace_10",
			"from": [9, 13, 8],
			"to": [10, 14, 9],
			"rotation": {"angle": 0, "axis": "x", "origin": [0, 16, 8]},
			"faces": {
				"north": {"uv": [9, 3, 10, 2], "rotation": 180, "texture": "#1"},
				"east": {"uv": [9, 2, 10, 3], "texture": "#1"},
				"south": {"uv": [9, 2, 10, 3], "texture": "#1"},
				"west": {"uv": [9, 2, 10, 3], "texture": "#1"},
				"up": {"uv": [10, 2, 9, 3], "rotation": 180, "texture": "#1"},
				"down": {"uv": [9, 2, 10, 3], "texture": "#1"}
			}
		},
		{
			"name": "mace_11",
			"from": [10, 13, 8],
			"to": [11, 14, 9],
			"rotation": {"angle": 0, "axis": "x", "origin": [0, 16, 8]},
			"faces": {
				"north": {"uv": [10, 3, 11, 2], "rotation": 180, "texture": "#1"},
				"east": {"uv": [10, 2, 11, 3], "texture": "#1"},
				"south": {"uv": [10, 2, 11, 3], "texture": "#1"},
				"west": {"uv": [10, 2, 11, 3], "texture": "#1"},
				"up": {"uv": [11, 2, 10, 3], "rotation": 180, "texture": "#1"},
				"down": {"uv": [10, 2, 11, 3], "texture": "#1"}
			}
		},
		{
			"name": "mace_12",
			"from": [11, 13, 8],
			"to": [12, 14, 9],
			"rotation": {"angle": 0, "axis": "x", "origin": [0, 16, 8]},
			"faces": {
				"north": {"uv": [11, 3, 12, 2], "rotation": 180, "texture": "#1"},
				"east": {"uv": [11, 2, 12, 3], "texture": "#1"},
				"south": {"uv": [11, 2, 12, 3], "texture": "#1"},
				"west": {"uv": [11, 2, 12, 3], "texture": "#1"},
				"up": {"uv": [12, 2, 11, 3], "rotation": 180, "texture": "#1"},
				"down": {"uv": [11, 2, 12, 3], "texture": "#1"}
			}
		},
		{
			"name": "mace_13",
			"from": [12, 13, 8],
			"to": [13, 14, 9],
			"rotation": {"angle": 0, "axis": "x", "origin": [0, 16, 8]},
			"faces": {
				"north": {"uv": [12, 3, 13, 2], "rotation": 180, "texture": "#1"},
				"east": {"uv": [12, 2, 13, 3], "texture": "#1"},
				"south": {"uv": [12, 2, 13, 3], "texture": "#1"},
				"west": {"uv": [12, 2, 13, 3], "texture": "#1"},
				"up": {"uv": [13, 2, 12, 3], "rotation": 180, "texture": "#1"},
				"down": {"uv": [12, 2, 13, 3], "texture": "#1"}
			}
		},
		{
			"name": "mace_14",
			"from": [13, 13, 8],
			"to": [14, 14, 9],
			"rotation": {"angle": 0, "axis": "x", "origin": [0, 16, 8]},
			"faces": {
				"north": {"uv": [13, 3, 14, 2], "rotation": 180, "texture": "#1"},
				"east": {"uv": [13, 2, 14, 3], "texture": "#1"},
				"south": {"uv": [13, 2, 14, 3], "texture": "#1"},
				"west": {"uv": [13, 2, 14, 3], "texture": "#1"},
				"up": {"uv": [14, 2, 13, 3], "rotation": 180, "texture": "#1"},
				"down": {"uv": [13, 2, 14, 3], "texture": "#1"}
			}
		},
		{
			"name": "mace_15",
			"from": [14, 13, 8],
			"to": [15, 14, 9],
			"rotation": {"angle": 0, "axis": "x", "origin": [0, 16, 8]},
			"faces": {
				"north": {"uv": [14, 3, 15, 2], "rotation": 180, "texture": "#1"},
				"east": {"uv": [14, 2, 15, 3], "texture": "#1"},
				"south": {"uv": [14, 2, 15, 3], "texture": "#1"},
				"west": {"uv": [14, 2, 15, 3], "texture": "#1"},
				"up": {"uv": [15, 2, 14, 3], "rotation": 180, "texture": "#1"},
				"down": {"uv": [14, 2, 15, 3], "texture": "#1"}
			}
		},
		{
			"name": "mace_16",
			"from": [6, 12, 8],
			"to": [7, 13, 9],
			"rotation": {"angle": 0, "axis": "x", "origin": [0, 16, 8]},
			"faces": {
				"north": {"uv": [6, 4, 7, 3], "rotation": 180, "texture": "#1"},
				"east": {"uv": [6, 3, 7, 4], "texture": "#1"},
				"south": {"uv": [6, 3, 7, 4], "texture": "#1"},
				"west": {"uv": [6, 3, 7, 4], "texture": "#1"},
				"up": {"uv": [7, 3, 6, 4], "rotation": 180, "texture": "#1"},
				"down": {"uv": [6, 3, 7, 4], "texture": "#1"}
			}
		},
		{
			"name": "mace_17",
			"from": [7, 12, 8],
			"to": [8, 13, 9],
			"rotation": {"angle": 0, "axis": "x", "origin": [0, 16, 8]},
			"faces": {
				"north": {"uv": [7, 4, 8, 3], "rotation": 180, "texture": "#1"},
				"east": {"uv": [7, 3, 8, 4], "texture": "#1"},
				"south": {"uv": [7, 3, 8, 4], "texture": "#1"},
				"west": {"uv": [7, 3, 8, 4], "texture": "#1"},
				"up": {"uv": [8, 3, 7, 4], "rotation": 180, "texture": "#1"},
				"down": {"uv": [7, 3, 8, 4], "texture": "#1"}
			}
		},
		{
			"name": "mace_18",
			"from": [8, 12, 8],
			"to": [9, 13, 9],
			"rotation": {"angle": 0, "axis": "x", "origin": [0, 16, 8]},
			"faces": {
				"north": {"uv": [8, 4, 9, 3], "rotation": 180, "texture": "#1"},
				"east": {"uv": [8, 3, 9, 4], "texture": "#1"},
				"south": {"uv": [8, 3, 9, 4], "texture": "#1"},
				"west": {"uv": [8, 3, 9, 4], "texture": "#1"},
				"up": {"uv": [9, 3, 8, 4], "rotation": 180, "texture": "#1"},
				"down": {"uv": [8, 3, 9, 4], "texture": "#1"}
			}
		},
		{
			"name": "mace_19",
			"from": [9, 12, 8],
			"to": [10, 13, 9],
			"rotation": {"angle": 0, "axis": "x", "origin": [0, 16, 8]},
			"faces": {
				"north": {"uv": [9, 4, 10, 3], "rotation": 180, "texture": "#1"},
				"east": {"uv": [9, 3, 10, 4], "texture": "#1"},
				"south": {"uv": [9, 3, 10, 4], "texture": "#1"},
				"west": {"uv": [9, 3, 10, 4], "texture": "#1"},
				"up": {"uv": [10, 3, 9, 4], "rotation": 180, "texture": "#1"},
				"down": {"uv": [9, 3, 10, 4], "texture": "#1"}
			}
		},
		{
			"name": "mace_20",
			"from": [10, 12, 8],
			"to": [11, 13, 9],
			"rotation": {"angle": 0, "axis": "x", "origin": [0, 16, 8]},
			"faces": {
				"north": {"uv": [10, 4, 11, 3], "rotation": 180, "texture": "#1"},
				"east": {"uv": [10, 3, 11, 4], "texture": "#1"},
				"south": {"uv": [10, 3, 11, 4], "texture": "#1"},
				"west": {"uv": [10, 3, 11, 4], "texture": "#1"},
				"up": {"uv": [11, 3, 10, 4], "rotation": 180, "texture": "#1"},
				"down": {"uv": [10, 3, 11, 4], "texture": "#1"}
			}
		},
		{
			"name": "mace_21",
			"from": [11, 12, 8],
			"to": [12, 13, 9],
			"rotation": {"angle": 0, "axis": "x", "origin": [0, 16, 8]},
			"faces": {
				"north": {"uv": [11, 4, 12, 3], "rotation": 180, "texture": "#1"},
				"east": {"uv": [11, 3, 12, 4], "texture": "#1"},
				"south": {"uv": [11, 3, 12, 4], "texture": "#1"},
				"west": {"uv": [11, 3, 12, 4], "texture": "#1"},
				"up": {"uv": [12, 3, 11, 4], "rotation": 180, "texture": "#1"},
				"down": {"uv": [11, 3, 12, 4], "texture": "#1"}
			}
		},
		{
			"name": "mace_22",
			"from": [12, 12, 8],
			"to": [13, 13, 9],
			"rotation": {"angle": 0, "axis": "x", "origin": [0, 16, 8]},
			"faces": {
				"north": {"uv": [12, 4, 13, 3], "rotation": 180, "texture": "#1"},
				"east": {"uv": [12, 3, 13, 4], "texture": "#1"},
				"south": {"uv": [12, 3, 13, 4], "texture": "#1"},
				"west": {"uv": [12, 3, 13, 4], "texture": "#1"},
				"up": {"uv": [13, 3, 12, 4], "rotation": 180, "texture": "#1"},
				"down": {"uv": [12, 3, 13, 4], "texture": "#1"}
			}
		},
		{
			"name": "mace_23",
			"from": [13, 12, 8],
			"to": [14, 13, 9],
			"rotation": {"angle": 0, "axis": "x", "origin": [0, 16, 8]},
			"faces": {
				"north": {"uv": [13, 4, 14, 3], "rotation": 180, "texture": "#1"},
				"east": {"uv": [13, 3, 14, 4], "texture": "#1"},
				"south": {"uv": [13, 3, 14, 4], "texture": "#1"},
				"west": {"uv": [13, 3, 14, 4], "texture": "#1"},
				"up": {"uv": [14, 3, 13, 4], "rotation": 180, "texture": "#1"},
				"down": {"uv": [13, 3, 14, 4], "texture": "#1"}
			}
		},
		{
			"name": "mace_24",
			"from": [5, 11, 8],
			"to": [6, 12, 9],
			"rotation": {"angle": 0, "axis": "x", "origin": [0, 16, 8]},
			"faces": {
				"north": {"uv": [5, 5, 6, 4], "rotation": 180, "texture": "#1"},
				"east": {"uv": [5, 4, 6, 5], "texture": "#1"},
				"south": {"uv": [5, 4, 6, 5], "texture": "#1"},
				"west": {"uv": [5, 4, 6, 5], "texture": "#1"},
				"up": {"uv": [6, 4, 5, 5], "rotation": 180, "texture": "#1"},
				"down": {"uv": [5, 4, 6, 5], "texture": "#1"}
			}
		},
		{
			"name": "mace_25",
			"from": [6, 11, 8],
			"to": [7, 12, 9],
			"rotation": {"angle": 0, "axis": "x", "origin": [0, 16, 8]},
			"faces": {
				"north": {"uv": [6, 5, 7, 4], "rotation": 180, "texture": "#1"},
				"east": {"uv": [6, 4, 7, 5], "texture": "#1"},
				"south": {"uv": [6, 4, 7, 5], "texture": "#1"},
				"west": {"uv": [6, 4, 7, 5], "texture": "#1"},
				"up": {"uv": [7, 4, 6, 5], "rotation": 180, "texture": "#1"},
				"down": {"uv": [6, 4, 7, 5], "texture": "#1"}
			}
		},
		{
			"name": "mace_26",
			"from": [7, 11, 8],
			"to": [8, 12, 9],
			"rotation": {"angle": 0, "axis": "x", "origin": [0, 16, 8]},
			"faces": {
				"north": {"uv": [7, 5, 8, 4], "rotation": 180, "texture": "#1"},
				"east": {"uv": [7, 4, 8, 5], "texture": "#1"},
				"south": {"uv": [7, 4, 8, 5], "texture": "#1"},
				"west": {"uv": [7, 4, 8, 5], "texture": "#1"},
				"up": {"uv": [8, 4, 7, 5], "rotation": 180, "texture": "#1"},
				"down": {"uv": [7, 4, 8, 5], "texture": "#1"}
			}
		},
		{
			"name": "mace_27",
			"from": [8, 11, 8],
			"to": [9, 12, 9],
			"rotation": {"angle": 0, "axis": "x", "origin": [0, 16, 8]},
			"faces": {
				"north": {"uv": [8, 5, 9, 4], "rotation": 180, "texture": "#1"},
				"east": {"uv": [8, 4, 9, 5], "texture": "#1"},
				"south": {"uv": [8, 4, 9, 5], "texture": "#1"},
				"west": {"uv": [8, 4, 9, 5], "texture": "#1"},
				"up": {"uv": [9, 4, 8, 5], "rotation": 180, "texture": "#1"},
				"down": {"uv": [8, 4, 9, 5], "texture": "#1"}
			}
		},
		{
			"name": "mace_28",
			"from": [9, 11, 8],
			"to": [10, 12, 9],
			"rotation": {"angle": 0, "axis": "x", "origin": [0, 16, 8]},
			"faces": {
				"north": {"uv": [9, 5, 10, 4], "rotation": 180, "texture": "#1"},
				"east": {"uv": [9, 4, 10, 5], "texture": "#1"},
				"south": {"uv": [9, 4, 10, 5], "texture": "#1"},
				"west": {"uv": [9, 4, 10, 5], "texture": "#1"},
				"up": {"uv": [10, 4, 9, 5], "rotation": 180, "texture": "#1"},
				"down": {"uv": [9, 4, 10, 5], "texture": "#1"}
			}
		},
		{
			"name": "mace_29",
			"from": [10, 11, 8],
			"to": [11, 12, 9],
			"rotation": {"angle": 0, "axis": "x", "origin": [0, 16, 8]},
			"faces": {
				"north": {"uv": [10, 5, 11, 4], "rotation": 180, "texture": "#1"},
				"east": {"uv": [10, 4, 11, 5], "texture": "#1"},
				"south": {"uv": [10, 4, 11, 5], "texture": "#1"},
				"west": {"uv": [10, 4, 11, 5], "texture": "#1"},
				"up": {"uv": [11, 4, 10, 5], "rotation": 180, "texture": "#1"},
				"down": {"uv": [10, 4, 11, 5], "texture": "#1"}
			}
		},
		{
			"name": "mace_30",
			"from": [11, 11, 8],
			"to": [12, 12, 9],
			"rotation": {"angle": 0, "axis": "x", "origin": [0, 16, 8]},
			"faces": {
				"north": {"uv": [11, 5, 12, 4], "rotation": 180, "texture": "#1"},
				"east": {"uv": [11, 4, 12, 5], "texture": "#1"},
				"south": {"uv": [11, 4, 12, 5], "texture": "#1"},
				"west": {"uv": [11, 4, 12, 5], "texture": "#1"},
				"up": {"uv": [12, 4, 11, 5], "rotation": 180, "texture": "#1"},
				"down": {"uv": [11, 4, 12, 5], "texture": "#1"}
			}
		},
		{
			"name": "mace_31",
			"from": [12, 11, 8],
			"to": [13, 12, 9],
			"rotation": {"angle": 0, "axis": "x", "origin": [0, 16, 8]},
			"faces": {
				"north": {"uv": [12, 5, 13, 4], "rotation": 180, "texture": "#1"},
				"east": {"uv": [12, 4, 13, 5], "texture": "#1"},
				"south": {"uv": [12, 4, 13, 5], "texture": "#1"},
				"west": {"uv": [12, 4, 13, 5], "texture": "#1"},
				"up": {"uv": [13, 4, 12, 5], "rotation": 180, "texture": "#1"},
				"down": {"uv": [12, 4, 13, 5], "texture": "#1"}
			}
		},
		{
			"name": "mace_32",
			"from": [13, 11, 8],
			"to": [14, 12, 9],
			"rotation": {"angle": 0, "axis": "x", "origin": [0, 16, 8]},
			"faces": {
				"north": {"uv": [13, 5, 14, 4], "rotation": 180, "texture": "#1"},
				"east": {"uv": [13, 4, 14, 5], "texture": "#1"},
				"south": {"uv": [13, 4, 14, 5], "texture": "#1"},
				"west": {"uv": [13, 4, 14, 5], "texture": "#1"},
				"up": {"uv": [14, 4, 13, 5], "rotation": 180, "texture": "#1"},
				"down": {"uv": [13, 4, 14, 5], "texture": "#1"}
			}
		},
		{
			"name": "mace_33",
			"from": [14, 11, 8],
			"to": [15, 12, 9],
			"rotation": {"angle": 0, "axis": "x", "origin": [0, 16, 8]},
			"faces": {
				"north": {"uv": [14, 5, 15, 4], "rotation": 180, "texture": "#1"},
				"east": {"uv": [14, 4, 15, 5], "texture": "#1"},
				"south": {"uv": [14, 4, 15, 5], "texture": "#1"},
				"west": {"uv": [14, 4, 15, 5], "texture": "#1"},
				"up": {"uv": [15, 4, 14, 5], "rotation": 180, "texture": "#1"},
				"down": {"uv": [14, 4, 15, 5], "texture": "#1"}
			}
		},
		{
			"name": "mace_34",
			"from": [5, 10, 8],
			"to": [6, 11, 9],
			"rotation": {"angle": 0, "axis": "x", "origin": [0, 16, 8]},
			"faces": {
				"north": {"uv": [5, 6, 6, 5], "rotation": 180, "texture": "#1"},
				"east": {"uv": [5, 5, 6, 6], "texture": "#1"},
				"south": {"uv": [5, 5, 6, 6], "texture": "#1"},
				"west": {"uv": [5, 5, 6, 6], "texture": "#1"},
				"up": {"uv": [6, 5, 5, 6], "rotation": 180, "texture": "#1"},
				"down": {"uv": [5, 5, 6, 6], "texture": "#1"}
			}
		},
		{
			"name": "mace_35",
			"from": [6, 10, 8],
			"to": [7, 11, 9],
			"rotation": {"angle": 0, "axis": "x", "origin": [0, 16, 8]},
			"faces": {
				"north": {"uv": [6, 6, 7, 5], "rotation": 180, "texture": "#1"},
				"east": {"uv": [6, 5, 7, 6], "texture": "#1"},
				"south": {"uv": [6, 5, 7, 6], "texture": "#1"},
				"west": {"uv": [6, 5, 7, 6], "texture": "#1"},
				"up": {"uv": [7, 5, 6, 6], "rotation": 180, "texture": "#1"},
				"down": {"uv": [6, 5, 7, 6], "texture": "#1"}
			}
		},
		{
			"name": "mace_36",
			"from": [7, 10, 8],
			"to": [8, 11, 9],
			"rotation": {"angle": 0, "axis": "x", "origin": [0, 16, 8]},
			"faces": {
				"north": {"uv": [7, 6, 8, 5], "rotation": 180, "texture": "#1"},
				"east": {"uv": [7, 5, 8, 6], "texture": "#1"},
				"south": {"uv": [7, 5, 8, 6], "texture": "#1"},
				"west": {"uv": [7, 5, 8, 6], "texture": "#1"},
				"up": {"uv": [8, 5, 7, 6], "rotation": 180, "texture": "#1"},
				"down": {"uv": [7, 5, 8, 6], "texture": "#1"}
			}
		},
		{
			"name": "mace_37",
			"from": [8, 10, 8],
			"to": [9, 11, 9],
			"rotation": {"angle": 0, "axis": "x", "origin": [0, 16, 8]},
			"faces": {
				"north": {"uv": [8, 6, 9, 5], "rotation": 180, "texture": "#1"},
				"east": {"uv": [8, 5, 9, 6], "texture": "#1"},
				"south": {"uv": [8, 5, 9, 6], "texture": "#1"},
				"west": {"uv": [8, 5, 9, 6], "texture": "#1"},
				"up": {"uv": [9, 5, 8, 6], "rotation": 180, "texture": "#1"},
				"down": {"uv": [8, 5, 9, 6], "texture": "#1"}
			}
		},
		{
			"name": "mace_38",
			"from": [9, 10, 8],
			"to": [10, 11, 9],
			"rotation": {"angle": 0, "axis": "x", "origin": [0, 16, 8]},
			"faces": {
				"north": {"uv": [9, 6, 10, 5], "rotation": 180, "texture": "#1"},
				"east": {"uv": [9, 5, 10, 6], "texture": "#1"},
				"south": {"uv": [9, 5, 10, 6], "texture": "#1"},
				"west": {"uv": [9, 5, 10, 6], "texture": "#1"},
				"up": {"uv": [10, 5, 9, 6], "rotation": 180, "texture": "#1"},
				"down": {"uv": [9, 5, 10, 6], "texture": "#1"}
			}
		},
		{
			"name": "mace_39",
			"from": [10, 10, 8],
			"to": [11, 11, 9],
			"rotation": {"angle": 0, "axis": "x", "origin": [0, 16, 8]},
			"faces": {
				"north": {"uv": [10, 6, 11, 5], "rotation": 180, "texture": "#1"},
				"east": {"uv": [10, 5, 11, 6], "texture": "#1"},
				"south": {"uv": [10, 5, 11, 6], "texture": "#1"},
				"west": {"uv": [10, 5, 11, 6], "texture": "#1"},
				"up": {"uv": [11, 5, 10, 6], "rotation": 180, "texture": "#1"},
				"down": {"uv": [10, 5, 11, 6], "texture": "#1"}
			}
		},
		{
			"name": "mace_40",
			"from": [11, 10, 8],
			"to": [12, 11, 9],
			"rotation": {"angle": 0, "axis": "x", "origin": [0, 16, 8]},
			"faces": {
				"north": {"uv": [11, 6, 12, 5], "rotation": 180, "texture": "#1"},
				"east": {"uv": [11, 5, 12, 6], "texture": "#1"},
				"south": {"uv": [11, 5, 12, 6], "texture": "#1"},
				"west": {"uv": [11, 5, 12, 6], "texture": "#1"},
				"up": {"uv": [12, 5, 11, 6], "rotation": 180, "texture": "#1"},
				"down": {"uv": [11, 5, 12, 6], "texture": "#1"}
			}
		},
		{
			"name": "mace_41",
			"from": [12, 10, 8],
			"to": [13, 11, 9],
			"rotation": {"angle": 0, "axis": "x", "origin": [0, 16, 8]},
			"faces": {
				"north": {"uv": [12, 6, 13, 5], "rotation": 180, "texture": "#1"},
				"east": {"uv": [12, 5, 13, 6], "texture": "#1"},
				"south": {"uv": [12, 5, 13, 6], "texture": "#1"},
				"west": {"uv": [12, 5, 13, 6], "texture": "#1"},
				"up": {"uv": [13, 5, 12, 6], "rotation": 180, "texture": "#1"},
				"down": {"uv": [12, 5, 13, 6], "texture": "#1"}
			}
		},
		{
			"name": "mace_42",
			"from": [13, 10, 8],
			"to": [14, 11, 9],
			"rotation": {"angle": 0, "axis": "x", "origin": [0, 16, 8]},
			"faces": {
				"north": {"uv": [13, 6, 14, 5], "rotation": 180, "texture": "#1"},
				"east": {"uv": [13, 5, 14, 6], "texture": "#1"},
				"south": {"uv": [13, 5, 14, 6], "texture": "#1"},
				"west": {"uv": [13, 5, 14, 6], "texture": "#1"},
				"up": {"uv": [14, 5, 13, 6], "rotation": 180, "texture": "#1"},
				"down": {"uv": [13, 5, 14, 6], "texture": "#1"}
			}
		},
		{
			"name": "mace_43",
			"from": [14, 10, 8],
			"to": [15, 11, 9],
			"rotation": {"angle": 0, "axis": "x", "origin": [0, 16, 8]},
			"faces": {
				"north": {"uv": [14, 6, 15, 5], "rotation": 180, "texture": "#1"},
				"east": {"uv": [14, 5, 15, 6], "texture": "#1"},
				"south": {"uv": [14, 5, 15, 6], "texture": "#1"},
				"west": {"uv": [14, 5, 15, 6], "texture": "#1"},
				"up": {"uv": [15, 5, 14, 6], "rotation": 180, "texture": "#1"},
				"down": {"uv": [14, 5, 15, 6], "texture": "#1"}
			}
		},
		{
			"name": "mace_44",
			"from": [15, 10, 8],
			"to": [16, 11, 9],
			"rotation": {"angle": 0, "axis": "x", "origin": [0, 16, 8]},
			"faces": {
				"north": {"uv": [15, 6, 16, 5], "rotation": 180, "texture": "#1"},
				"east": {"uv": [15, 5, 16, 6], "texture": "#1"},
				"south": {"uv": [15, 5, 16, 6], "texture": "#1"},
				"west": {"uv": [15, 5, 16, 6], "texture": "#1"},
				"up": {"uv": [16, 5, 15, 6], "rotation": 180, "texture": "#1"},
				"down": {"uv": [15, 5, 16, 6], "texture": "#1"}
			}
		},
		{
			"name": "mace_45",
			"from": [6, 9, 8],
			"to": [7, 10, 9],
			"rotation": {"angle": 0, "axis": "x", "origin": [0, 16, 8]},
			"faces": {
				"north": {"uv": [6, 7, 7, 6], "rotation": 180, "texture": "#1"},
				"east": {"uv": [6, 6, 7, 7], "texture": "#1"},
				"south": {"uv": [6, 6, 7, 7], "texture": "#1"},
				"west": {"uv": [6, 6, 7, 7], "texture": "#1"},
				"up": {"uv": [7, 6, 6, 7], "rotation": 180, "texture": "#1"},
				"down": {"uv": [6, 6, 7, 7], "texture": "#1"}
			}
		},
		{
			"name": "mace_46",
			"from": [7, 9, 8],
			"to": [8, 10, 9],
			"rotation": {"angle": 0, "axis": "x", "origin": [0, 16, 8]},
			"faces": {
				"north": {"uv": [7, 7, 8, 6], "rotation": 180, "texture": "#1"},
				"east": {"uv": [7, 6, 8, 7], "texture": "#1"},
				"south": {"uv": [7, 6, 8, 7], "texture": "#1"},
				"west": {"uv": [7, 6, 8, 7], "texture": "#1"},
				"up": {"uv": [8, 6, 7, 7], "rotation": 180, "texture": "#1"},
				"down": {"uv": [7, 6, 8, 7], "texture": "#1"}
			}
		},
		{
			"name": "mace_47",
			"from": [8, 9, 8],
			"to": [9, 10, 9],
			"rotation": {"angle": 0, "axis": "x", "origin": [0, 16, 8]},
			"faces": {
				"north": {"uv": [8, 7, 9, 6], "rotation": 180, "texture": "#1"},
				"east": {"uv": [8, 6, 9, 7], "texture": "#1"},
				"south": {"uv": [8, 6, 9, 7], "texture": "#1"},
				"west": {"uv": [8, 6, 9, 7], "texture": "#1"},
				"up": {"uv": [9, 6, 8, 7], "rotation": 180, "texture": "#1"},
				"down": {"uv": [8, 6, 9, 7], "texture": "#1"}
			}
		},
		{
			"name": "mace_48",
			"from": [9, 9, 8],
			"to": [10, 10, 9],
			"rotation": {"angle": 0, "axis": "x", "origin": [0, 16, 8]},
			"faces": {
				"north": {"uv": [9, 7, 10, 6], "rotation": 180, "texture": "#1"},
				"east": {"uv": [9, 6, 10, 7], "texture": "#1"},
				"south": {"uv": [9, 6, 10, 7], "texture": "#1"},
				"west": {"uv": [9, 6, 10, 7], "texture": "#1"},
				"up": {"uv": [10, 6, 9, 7], "rotation": 180, "texture": "#1"},
				"down": {"uv": [9, 6, 10, 7], "texture": "#1"}
			}
		},
		{
			"name": "mace_49",
			"from": [10, 9, 8],
			"to": [11, 10, 9],
			"rotation": {"angle": 0, "axis": "x", "origin": [0, 16, 8]},
			"faces": {
				"north": {"uv": [10, 7, 11, 6], "rotation": 180, "texture": "#1"},
				"east": {"uv": [10, 6, 11, 7], "texture": "#1"},
				"south": {"uv": [10, 6, 11, 7], "texture": "#1"},
				"west": {"uv": [10, 6, 11, 7], "texture": "#1"},
				"up": {"uv": [11, 6, 10, 7], "rotation": 180, "texture": "#1"},
				"down": {"uv": [10, 6, 11, 7], "texture": "#1"}
			}
		},
		{
			"name": "mace_50",
			"from": [11, 9, 8],
			"to": [12, 10, 9],
			"rotation": {"angle": 0, "axis": "x", "origin": [0, 16, 8]},
			"faces": {
				"north": {"uv": [11, 7, 12, 6], "rotation": 180, "texture": "#1"},
				"east": {"uv": [11, 6, 12, 7], "texture": "#1"},
				"south": {"uv": [11, 6, 12, 7], "texture": "#1"},
				"west": {"uv": [11, 6, 12, 7], "texture": "#1"},
				"up": {"uv": [12, 6, 11, 7], "rotation": 180, "texture": "#1"},
				"down": {"uv": [11, 6, 12, 7], "texture": "#1"}
			}
		},
		{
			"name": "mace_51",
			"from": [12, 9, 8],
			"to": [13, 10, 9],
			"rotation": {"angle": 0, "axis": "x", "origin": [0, 16, 8]},
			"faces": {
				"north": {"uv": [12, 7, 13, 6], "rotation": 180, "texture": "#1"},
				"east": {"uv": [12, 6, 13, 7], "texture": "#1"},
				"south": {"uv": [12, 6, 13, 7], "texture": "#1"},
				"west": {"uv": [12, 6, 13, 7], "texture": "#1"},
				"up": {"uv": [13, 6, 12, 7], "rotation": 180, "texture": "#1"},
				"down": {"uv": [12, 6, 13, 7], "texture": "#1"}
			}
		},
		{
			"name": "mace_52",
			"from": [13, 9, 8],
			"to": [14, 10, 9],
			"rotation": {"angle": 0, "axis": "x", "origin": [0, 16, 8]},
			"faces": {
				"north": {"uv": [13, 7, 14, 6], "rotation": 180, "texture": "#1"},
				"east": {"uv": [13, 6, 14, 7], "texture": "#1"},
				"south": {"uv": [13, 6, 14, 7], "texture": "#1"},
				"west": {"uv": [13, 6, 14, 7], "texture": "#1"},
				"up": {"uv": [14, 6, 13, 7], "rotation": 180, "texture": "#1"},
				"down": {"uv": [13, 6, 14, 7], "texture": "#1"}
			}
		},
		{
			"name": "mace_53",
			"from": [14, 9, 8],
			"to": [15, 10, 9],
			"rotation": {"angle": 0, "axis": "x", "origin": [0, 16, 8]},
			"faces": {
				"north": {"uv": [14, 7, 15, 6], "rotation": 180, "texture": "#1"},
				"east": {"uv": [14, 6, 15, 7], "texture": "#1"},
				"south": {"uv": [14, 6, 15, 7], "texture": "#1"},
				"west": {"uv": [14, 6, 15, 7], "texture": "#1"},
				"up": {"uv": [15, 6, 14, 7], "rotation": 180, "texture": "#1"},
				"down": {"uv": [14, 6, 15, 7], "texture": "#1"}
			}
		},
		{
			"name": "mace_54",
			"from": [15, 9, 8],
			"to": [16, 10, 9],
			"rotation": {"angle": 0, "axis": "x", "origin": [0, 16, 8]},
			"faces": {
				"north": {"uv": [15, 7, 16, 6], "rotation": 180, "texture": "#1"},
				"east": {"uv": [15, 6, 16, 7], "texture": "#1"},
				"south": {"uv": [15, 6, 16, 7], "texture": "#1"},
				"west": {"uv": [15, 6, 16, 7], "texture": "#1"},
				"up": {"uv": [16, 6, 15, 7], "rotation": 180, "texture": "#1"},
				"down": {"uv": [15, 6, 16, 7], "texture": "#1"}
			}
		},
		{
			"name": "mace_55",
			"from": [7, 8, 8],
			"to": [8, 9, 9],
			"rotation": {"angle": 0, "axis": "x", "origin": [0, 16, 8]},
			"faces": {
				"north": {"uv": [7, 8, 8, 7], "rotation": 180, "texture": "#1"},
				"east": {"uv": [7, 7, 8, 8], "texture": "#1"},
				"south": {"uv": [7, 7, 8, 8], "texture": "#1"},
				"west": {"uv": [7, 7, 8, 8], "texture": "#1"},
				"up": {"uv": [8, 7, 7, 8], "rotation": 180, "texture": "#1"},
				"down": {"uv": [7, 7, 8, 8], "texture": "#1"}
			}
		},
		{
			"name": "mace_56",
			"from": [8, 8, 8],
			"to": [9, 9, 9],
			"rotation": {"angle": 0, "axis": "x", "origin": [0, 16, 8]},
			"faces": {
				"north": {"uv": [8, 8, 9, 7], "rotation": 180, "texture": "#1"},
				"east": {"uv": [8, 7, 9, 8], "texture": "#1"},
				"south": {"uv": [8, 7, 9, 8], "texture": "#1"},
				"west": {"uv": [8, 7, 9, 8], "texture": "#1"},
				"up": {"uv": [9, 7, 8, 8], "rotation": 180, "texture": "#1"},
				"down": {"uv": [8, 7, 9, 8], "texture": "#1"}
			}
		},
		{
			"name": "mace_57",
			"from": [9, 8, 8],
			"to": [10, 9, 9],
			"rotation": {"angle": 0, "axis": "x", "origin": [0, 16, 8]},
			"faces": {
				"north": {"uv": [9, 8, 10, 7], "rotation": 180, "texture": "#1"},
				"east": {"uv": [9, 7, 10, 8], "texture": "#1"},
				"south": {"uv": [9, 7, 10, 8], "texture": "#1"},
				"west": {"uv": [9, 7, 10, 8], "texture": "#1"},
				"up": {"uv": [10, 7, 9, 8], "rotation": 180, "texture": "#1"},
				"down": {"uv": [9, 7, 10, 8], "texture": "#1"}
			}
		},
		{
			"name": "mace_58",
			"from": [10, 8, 8],
			"to": [11, 9, 9],
			"rotation": {"angle": 0, "axis": "x", "origin": [0, 16, 8]},
			"faces": {
				"north": {"uv": [10, 8, 11, 7], "rotation": 180, "texture": "#1"},
				"east": {"uv": [10, 7, 11, 8], "texture": "#1"},
				"south": {"uv": [10, 7, 11, 8], "texture": "#1"},
				"west": {"uv": [10, 7, 11, 8], "texture": "#1"},
				"up": {"uv": [11, 7, 10, 8], "rotation": 180, "texture": "#1"},
				"down": {"uv": [10, 7, 11, 8], "texture": "#1"}
			}
		},
		{
			"name": "mace_59",
			"from": [11, 8, 8],
			"to": [12, 9, 9],
			"rotation": {"angle": 0, "axis": "x", "origin": [0, 16, 8]},
			"faces": {
				"north": {"uv": [11, 8, 12, 7], "rotation": 180, "texture": "#1"},
				"east": {"uv": [11, 7, 12, 8], "texture": "#1"},
				"south": {"uv": [11, 7, 12, 8], "texture": "#1"},
				"west": {"uv": [11, 7, 12, 8], "texture": "#1"},
				"up": {"uv": [12, 7, 11, 8], "rotation": 180, "texture": "#1"},
				"down": {"uv": [11, 7, 12, 8], "texture": "#1"}
			}
		},
		{
			"name": "mace_60",
			"from": [12, 8, 8],
			"to": [13, 9, 9],
			"rotation": {"angle": 0, "axis": "x", "origin": [0, 16, 8]},
			"faces": {
				"north": {"uv": [12, 8, 13, 7], "rotation": 180, "texture": "#1"},
				"east": {"uv": [12, 7, 13, 8], "texture": "#1"},
				"south": {"uv": [12, 7, 13, 8], "texture": "#1"},
				"west": {"uv": [12, 7, 13, 8], "texture": "#1"},
				"up": {"uv": [13, 7, 12, 8], "rotation": 180, "texture": "#1"},
				"down": {"uv": [12, 7, 13, 8], "texture": "#1"}
			}
		},
		{
			"name": "mace_61",
			"from": [13, 8, 8],
			"to": [14, 9, 9],
			"rotation": {"angle": 0, "axis": "x", "origin": [0, 16, 8]},
			"faces": {
				"north": {"uv": [13, 8, 14, 7], "rotation": 180, "texture": "#1"},
				"east": {"uv": [13, 7, 14, 8], "texture": "#1"},
				"south": {"uv": [13, 7, 14, 8], "texture": "#1"},
				"west": {"uv": [13, 7, 14, 8], "texture": "#1"},
				"up": {"uv": [14, 7, 13, 8], "rotation": 180, "texture": "#1"},
				"down": {"uv": [13, 7, 14, 8], "texture": "#1"}
			}
		},
		{
			"name": "mace_62",
			"from": [14, 8, 8],
			"to": [15, 9, 9],
			"rotation": {"angle": 0, "axis": "x", "origin": [0, 16, 8]},
			"faces": {
				"north": {"uv": [14, 8, 15, 7], "rotation": 180, "texture": "#1"},
				"east": {"uv": [14, 7, 15, 8], "texture": "#1"},
				"south": {"uv": [14, 7, 15, 8], "texture": "#1"},
				"west": {"uv": [14, 7, 15, 8], "texture": "#1"},
				"up": {"uv": [15, 7, 14, 8], "rotation": 180, "texture": "#1"},
				"down": {"uv": [14, 7, 15, 8], "texture": "#1"}
			}
		},
		{
			"name": "mace_63",
			"from": [6, 7, 8],
			"to": [7, 8, 9],
			"rotation": {"angle": 0, "axis": "x", "origin": [0, 16, 8]},
			"faces": {
				"north": {"uv": [6, 9, 7, 8], "rotation": 180, "texture": "#1"},
				"east": {"uv": [6, 8, 7, 9], "texture": "#1"},
				"south": {"uv": [6, 8, 7, 9], "texture": "#1"},
				"west": {"uv": [6, 8, 7, 9], "texture": "#1"},
				"up": {"uv": [7, 8, 6, 9], "rotation": 180, "texture": "#1"},
				"down": {"uv": [6, 8, 7, 9], "texture": "#1"}
			}
		},
		{
			"name": "mace_64",
			"from": [7, 7, 8],
			"to": [8, 8, 9],
			"rotation": {"angle": 0, "axis": "x", "origin": [0, 16, 8]},
			"faces": {
				"north": {"uv": [7, 9, 8, 8], "rotation": 180, "texture": "#1"},
				"east": {"uv": [7, 8, 8, 9], "texture": "#1"},
				"south": {"uv": [7, 8, 8, 9], "texture": "#1"},
				"west": {"uv": [7, 8, 8, 9], "texture": "#1"},
				"up": {"uv": [8, 8, 7, 9], "rotation": 180, "texture": "#1"},
				"down": {"uv": [7, 8, 8, 9], "texture": "#1"}
			}
		},
		{
			"name": "mace_65",
			"from": [8, 7, 8],
			"to": [9, 8, 9],
			"rotation": {"angle": 0, "axis": "x", "origin": [0, 16, 8]},
			"faces": {
				"north": {"uv": [8, 9, 9, 8], "rotation": 180, "texture": "#1"},
				"east": {"uv": [8, 8, 9, 9], "texture": "#1"},
				"south": {"uv": [8, 8, 9, 9], "texture": "#1"},
				"west": {"uv": [8, 8, 9, 9], "texture": "#1"},
				"up": {"uv": [9, 8, 8, 9], "rotation": 180, "texture": "#1"},
				"down": {"uv": [8, 8, 9, 9], "texture": "#1"}
			}
		},
		{
			"name": "mace_66",
			"from": [9, 7, 8],
			"to": [10, 8, 9],
			"rotation": {"angle": 0, "axis": "x", "origin": [0, 16, 8]},
			"faces": {
				"north": {"uv": [9, 9, 10, 8], "rotation": 180, "texture": "#1"},
				"east": {"uv": [9, 8, 10, 9], "texture": "#1"},
				"south": {"uv": [9, 8, 10, 9], "texture": "#1"},
				"west": {"uv": [9, 8, 10, 9], "texture": "#1"},
				"up": {"uv": [10, 8, 9, 9], "rotation": 180, "texture": "#1"},
				"down": {"uv": [9, 8, 10, 9], "texture": "#1"}
			}
		},
		{
			"name": "mace_67",
			"from": [10, 7, 8],
			"to": [11, 8, 9],
			"rotation": {"angle": 0, "axis": "x", "origin": [0, 16, 8]},
			"faces": {
				"north": {"uv": [10, 9, 11, 8], "rotation": 180, "texture": "#1"},
				"east": {"uv": [10, 8, 11, 9], "texture": "#1"},
				"south": {"uv": [10, 8, 11, 9], "texture": "#1"},
				"west": {"uv": [10, 8, 11, 9], "texture": "#1"},
				"up": {"uv": [11, 8, 10, 9], "rotation": 180, "texture": "#1"},
				"down": {"uv": [10, 8, 11, 9], "texture": "#1"}
			}
		},
		{
			"name": "mace_68",
			"from": [11, 7, 8],
			"to": [12, 8, 9],
			"rotation": {"angle": 0, "axis": "x", "origin": [0, 16, 8]},
			"faces": {
				"north": {"uv": [11, 9, 12, 8], "rotation": 180, "texture": "#1"},
				"east": {"uv": [11, 8, 12, 9], "texture": "#1"},
				"south": {"uv": [11, 8, 12, 9], "texture": "#1"},
				"west": {"uv": [11, 8, 12, 9], "texture": "#1"},
				"up": {"uv": [12, 8, 11, 9], "rotation": 180, "texture": "#1"},
				"down": {"uv": [11, 8, 12, 9], "texture": "#1"}
			}
		},
		{
			"name": "mace_69",
			"from": [12, 7, 8],
			"to": [13, 8, 9],
			"rotation": {"angle": 0, "axis": "x", "origin": [0, 16, 8]},
			"faces": {
				"north": {"uv": [12, 9, 13, 8], "rotation": 180, "texture": "#1"},
				"east": {"uv": [12, 8, 13, 9], "texture": "#1"},
				"south": {"uv": [12, 8, 13, 9], "texture": "#1"},
				"west": {"uv": [12, 8, 13, 9], "texture": "#1"},
				"up": {"uv": [13, 8, 12, 9], "rotation": 180, "texture": "#1"},
				"down": {"uv": [12, 8, 13, 9], "texture": "#1"}
			}
		},
		{
			"name": "mace_70",
			"from": [13, 7, 8],
			"to": [14, 8, 9],
			"rotation": {"angle": 0, "axis": "x", "origin": [0, 16, 8]},
			"faces": {
				"north": {"uv": [13, 9, 14, 8], "rotation": 180, "texture": "#1"},
				"east": {"uv": [13, 8, 14, 9], "texture": "#1"},
				"south": {"uv": [13, 8, 14, 9], "texture": "#1"},
				"west": {"uv": [13, 8, 14, 9], "texture": "#1"},
				"up": {"uv": [14, 8, 13, 9], "rotation": 180, "texture": "#1"},
				"down": {"uv": [13, 8, 14, 9], "texture": "#1"}
			}
		},
		{
			"name": "mace_71",
			"from": [5, 6, 8],
			"to": [6, 7, 9],
			"rotation": {"angle": 0, "axis": "x", "origin": [0, 16, 8]},
			"faces": {
				"north": {"uv": [5, 10, 6, 9], "rotation": 180, "texture": "#1"},
				"east": {"uv": [5, 9, 6, 10], "texture": "#1"},
				"south": {"uv": [5, 9, 6, 10], "texture": "#1"},
				"west": {"uv": [5, 9, 6, 10], "texture": "#1"},
				"up": {"uv": [6, 9, 5, 10], "rotation": 180, "texture": "#1"},
				"down": {"uv": [5, 9, 6, 10], "texture": "#1"}
			}
		},
		{
			"name": "mace_72",
			"from": [6, 6, 8],
			"to": [7, 7, 9],
			"rotation": {"angle": 0, "axis": "x", "origin": [0, 16, 8]},
			"faces": {
				"north": {"uv": [6, 10, 7, 9], "rotation": 180, "texture": "#1"},
				"east": {"uv": [6, 9, 7, 10], "texture": "#1"},
				"south": {"uv": [6, 9, 7, 10], "texture": "#1"},
				"west": {"uv": [6, 9, 7, 10], "texture": "#1"},
				"up": {"uv": [7, 9, 6, 10], "rotation": 180, "texture": "#1"},
				"down": {"uv": [6, 9, 7, 10], "texture": "#1"}
			}
		},
		{
			"name": "mace_73",
			"from": [7, 6, 8],
			"to": [8, 7, 9],
			"rotation": {"angle": 0, "axis": "x", "origin": [0, 16, 8]},
			"faces": {
				"north": {"uv": [7, 10, 8, 9], "rotation": 180, "texture": "#1"},
				"east": {"uv": [7, 9, 8, 10], "texture": "#1"},
				"south": {"uv": [7, 9, 8, 10], "texture": "#1"},
				"west": {"uv": [7, 9, 8, 10], "texture": "#1"},
				"up": {"uv": [8, 9, 7, 10], "rotation": 180, "texture": "#1"},
				"down": {"uv": [7, 9, 8, 10], "texture": "#1"}
			}
		},
		{
			"name": "mace_74",
			"from": [9, 6, 8],
			"to": [10, 7, 9],
			"rotation": {"angle": 0, "axis": "x", "origin": [0, 16, 8]},
			"faces": {
				"north": {"uv": [9, 10, 10, 9], "rotation": 180, "texture": "#1"},
				"east": {"uv": [9, 9, 10, 10], "texture": "#1"},
				"south": {"uv": [9, 9, 10, 10], "texture": "#1"},
				"west": {"uv": [9, 9, 10, 10], "texture": "#1"},
				"up": {"uv": [10, 9, 9, 10], "rotation": 180, "texture": "#1"},
				"down": {"uv": [9, 9, 10, 10], "texture": "#1"}
			}
		},
		{
			"name": "mace_75",
			"from": [10, 6, 8],
			"to": [11, 7, 9],
			"rotation": {"angle": 0, "axis": "x", "origin": [0, 16, 8]},
			"faces": {
				"north": {"uv": [10, 10, 11, 9], "rotation": 180, "texture": "#1"},
				"east": {"uv": [10, 9, 11, 10], "texture": "#1"},
				"south": {"uv": [10, 9, 11, 10], "texture": "#1"},
				"west": {"uv": [10, 9, 11, 10], "texture": "#1"},
				"up": {"uv": [11, 9, 10, 10], "rotation": 180, "texture": "#1"},
				"down": {"uv": [10, 9, 11, 10], "texture": "#1"}
			}
		},
		{
			"name": "mace_76",
			"from": [11, 6, 8],
			"to": [12, 7, 9],
			"rotation": {"angle": 0, "axis": "x", "origin": [0, 16, 8]},
			"faces": {
				"north": {"uv": [11, 10, 12, 9], "rotation": 180, "texture": "#1"},
				"east": {"uv": [11, 9, 12, 10], "texture": "#1"},
				"south": {"uv": [11, 9, 12, 10], "texture": "#1"},
				"west": {"uv": [11, 9, 12, 10], "texture": "#1"},
				"up": {"uv": [12, 9, 11, 10], "rotation": 180, "texture": "#1"},
				"down": {"uv": [11, 9, 12, 10], "texture": "#1"}
			}
		},
		{
			"name": "mace_77",
			"from": [12, 6, 8],
			"to": [13, 7, 9],
			"rotation": {"angle": 0, "axis": "x", "origin": [0, 16, 8]},
			"faces": {
				"north": {"uv": [12, 10, 13, 9], "rotation": 180, "texture": "#1"},
				"east": {"uv": [12, 9, 13, 10], "texture": "#1"},
				"south": {"uv": [12, 9, 13, 10], "texture": "#1"},
				"west": {"uv": [12, 9, 13, 10], "texture": "#1"},
				"up": {"uv": [13, 9, 12, 10], "rotation": 180, "texture": "#1"},
				"down": {"uv": [12, 9, 13, 10], "texture": "#1"}
			}
		},
		{
			"name": "mace_78",
			"from": [4, 5, 8],
			"to": [5, 6, 9],
			"rotation": {"angle": 0, "axis": "x", "origin": [0, 16, 8]},
			"faces": {
				"north": {"uv": [4, 11, 5, 10], "rotation": 180, "texture": "#1"},
				"east": {"uv": [4, 10, 5, 11], "texture": "#1"},
				"south": {"uv": [4, 10, 5, 11], "texture": "#1"},
				"west": {"uv": [4, 10, 5, 11], "texture": "#1"},
				"up": {"uv": [5, 10, 4, 11], "rotation": 180, "texture": "#1"},
				"down": {"uv": [4, 10, 5, 11], "texture": "#1"}
			}
		},
		{
			"name": "mace_79",
			"from": [5, 5, 8],
			"to": [6, 6, 9],
			"rotation": {"angle": 0, "axis": "x", "origin": [0, 16, 8]},
			"faces": {
				"north": {"uv": [5, 11, 6, 10], "rotation": 180, "texture": "#1"},
				"east": {"uv": [5, 10, 6, 11], "texture": "#1"},
				"south": {"uv": [5, 10, 6, 11], "texture": "#1"},
				"west": {"uv": [5, 10, 6, 11], "texture": "#1"},
				"up": {"uv": [6, 10, 5, 11], "rotation": 180, "texture": "#1"},
				"down": {"uv": [5, 10, 6, 11], "texture": "#1"}
			}
		},
		{
			"name": "mace_80",
			"from": [6, 5, 8],
			"to": [7, 6, 9],
			"rotation": {"angle": 0, "axis": "x", "origin": [0, 16, 8]},
			"faces": {
				"north": {"uv": [6, 11, 7, 10], "rotation": 180, "texture": "#1"},
				"east": {"uv": [6, 10, 7, 11], "texture": "#1"},
				"south": {"uv": [6, 10, 7, 11], "texture": "#1"},
				"west": {"uv": [6, 10, 7, 11], "texture": "#1"},
				"up": {"uv": [7, 10, 6, 11], "rotation": 180, "texture": "#1"},
				"down": {"uv": [6, 10, 7, 11], "texture": "#1"}
			}
		},
		{
			"name": "mace_81",
			"from": [10, 5, 8],
			"to": [11, 6, 9],
			"rotation": {"angle": 0, "axis": "x", "origin": [0, 16, 8]},
			"faces": {
				"north": {"uv": [10, 11, 11, 10], "rotation": 180, "texture": "#1"},
				"east": {"uv": [10, 10, 11, 11], "texture": "#1"},
				"south": {"uv": [10, 10, 11, 11], "texture": "#1"},
				"west": {"uv": [10, 10, 11, 11], "texture": "#1"},
				"up": {"uv": [11, 10, 10, 11], "rotation": 180, "texture": "#1"},
				"down": {"uv": [10, 10, 11, 11], "texture": "#1"}
			}
		},
		{
			"name": "mace_82",
			"from": [11, 5, 8],
			"to": [12, 6, 9],
			"rotation": {"angle": 0, "axis": "x", "origin": [0, 16, 8]},
			"faces": {
				"north": {"uv": [11, 11, 12, 10], "rotation": 180, "texture": "#1"},
				"east": {"uv": [11, 10, 12, 11], "texture": "#1"},
				"south": {"uv": [11, 10, 12, 11], "texture": "#1"},
				"west": {"uv": [11, 10, 12, 11], "texture": "#1"},
				"up": {"uv": [12, 10, 11, 11], "rotation": 180, "texture": "#1"},
				"down": {"uv": [11, 10, 12, 11], "texture": "#1"}
			}
		},
		{
			"name": "mace_83",
			"from": [3, 4, 8],
			"to": [4, 5, 9],
			"rotation": {"angle": 0, "axis": "x", "origin": [0, 16, 8]},
			"faces": {
				"north": {"uv": [3, 12, 4, 11], "rotation": 180, "texture": "#1"},
				"east": {"uv": [3, 11, 4, 12], "texture": "#1"},
				"south": {"uv": [3, 11, 4, 12], "texture": "#1"},
				"west": {"uv": [3, 11, 4, 12], "texture": "#1"},
				"up": {"uv": [4, 11, 3, 12], "rotation": 180, "texture": "#1"},
				"down": {"uv": [3, 11, 4, 12], "texture": "#1"}
			}
		},
		{
			"name": "mace_84",
			"from": [4, 4, 8],
			"to": [5, 5, 9],
			"rotation": {"angle": 0, "axis": "x", "origin": [0, 16, 8]},
			"faces": {
				"north": {"uv": [4, 12, 5, 11], "rotation": 180, "texture": "#1"},
				"east": {"uv": [4, 11, 5, 12], "texture": "#1"},
				"south": {"uv": [4, 11, 5, 12], "texture": "#1"},
				"west": {"uv": [4, 11, 5, 12], "texture": "#1"},
				"up": {"uv": [5, 11, 4, 12], "rotation": 180, "texture": "#1"},
				"down": {"uv": [4, 11, 5, 12], "texture": "#1"}
			}
		},
		{
			"name": "mace_85",
			"from": [5, 4, 8],
			"to": [6, 5, 9],
			"rotation": {"angle": 0, "axis": "x", "origin": [0, 16, 8]},
			"faces": {
				"north": {"uv": [5, 12, 6, 11], "rotation": 180, "texture": "#1"},
				"east": {"uv": [5, 11, 6, 12], "texture": "#1"},
				"south": {"uv": [5, 11, 6, 12], "texture": "#1"},
				"west": {"uv": [5, 11, 6, 12], "texture": "#1"},
				"up": {"uv": [6, 11, 5, 12], "rotation": 180, "texture": "#1"},
				"down": {"uv": [5, 11, 6, 12], "texture": "#1"}
			}
		},
		{
			"name": "mace_86",
			"from": [2, 3, 8],
			"to": [3, 4, 9],
			"rotation": {"angle": 0, "axis": "x", "origin": [0, 16, 8]},
			"faces": {
				"north": {"uv": [2, 13, 3, 12], "rotation": 180, "texture": "#1"},
				"east": {"uv": [2, 12, 3, 13], "texture": "#1"},
				"south": {"uv": [2, 12, 3, 13], "texture": "#1"},
				"west": {"uv": [2, 12, 3, 13], "texture": "#1"},
				"up": {"uv": [3, 12, 2, 13], "rotation": 180, "texture": "#1"},
				"down": {"uv": [2, 12, 3, 13], "texture": "#1"}
			}
		},
		{
			"name": "mace_87",
			"from": [3, 3, 8],
			"to": [4, 4, 9],
			"rotation": {"angle": 0, "axis": "x", "origin": [0, 16, 8]},
			"faces": {
				"north": {"uv": [3, 13, 4, 12], "rotation": 180, "texture": "#1"},
				"east": {"uv": [3, 12, 4, 13], "texture": "#1"},
				"south": {"uv": [3, 12, 4, 13], "texture": "#1"},
				"west": {"uv": [3, 12, 4, 13], "texture": "#1"},
				"up": {"uv": [4, 12, 3, 13], "rotation": 180, "texture": "#1"},
				"down": {"uv": [3, 12, 4, 13], "texture": "#1"}
			}
		},
		{
			"name": "mace_88",
			"from": [4, 3, 8],
			"to": [5, 4, 9],
			"rotation": {"angle": 0, "axis": "x", "origin": [0, 16, 8]},
			"faces": {
				"north": {"uv": [4, 13, 5, 12], "rotation": 180, "texture": "#1"},
				"east": {"uv": [4, 12, 5, 13], "texture": "#1"},
				"south": {"uv": [4, 12, 5, 13], "texture": "#1"},
				"west": {"uv": [4, 12, 5, 13], "texture": "#1"},
				"up": {"uv": [5, 12, 4, 13], "rotation": 180, "texture": "#1"},
				"down": {"uv": [4, 12, 5, 13], "texture": "#1"}
			}
		},
		{
			"name": "mace_89",
			"from": [0, 2, 8],
			"to": [1, 3, 9],
			"rotation": {"angle": 0, "axis": "x", "origin": [0, 16, 8]},
			"faces": {
				"north": {"uv": [0, 14, 1, 13], "rotation": 180, "texture": "#1"},
				"east": {"uv": [0, 13, 1, 14], "texture": "#1"},
				"south": {"uv": [0, 13, 1, 14], "texture": "#1"},
				"west": {"uv": [0, 13, 1, 14], "texture": "#1"},
				"up": {"uv": [1, 13, 0, 14], "rotation": 180, "texture": "#1"},
				"down": {"uv": [0, 13, 1, 14], "texture": "#1"}
			}
		},
		{
			"name": "mace_90",
			"from": [1, 2, 8],
			"to": [2, 3, 9],
			"rotation": {"angle": 0, "axis": "x", "origin": [0, 16, 8]},
			"faces": {
				"north": {"uv": [1, 14, 2, 13], "rotation": 180, "texture": "#1"},
				"east": {"uv": [1, 13, 2, 14], "texture": "#1"},
				"south": {"uv": [1, 13, 2, 14], "texture": "#1"},
				"west": {"uv": [1, 13, 2, 14], "texture": "#1"},
				"up": {"uv": [2, 13, 1, 14], "rotation": 180, "texture": "#1"},
				"down": {"uv": [1, 13, 2, 14], "texture": "#1"}
			}
		},
		{
			"name": "mace_91",
			"from": [2, 2, 8],
			"to": [3, 3, 9],
			"rotation": {"angle": 0, "axis": "x", "origin": [0, 16, 8]},
			"faces": {
				"north": {"uv": [2, 14, 3, 13], "rotation": 180, "texture": "#1"},
				"east": {"uv": [2, 13, 3, 14], "texture": "#1"},
				"south": {"uv": [2, 13, 3, 14], "texture": "#1"},
				"west": {"uv": [2, 13, 3, 14], "texture": "#1"},
				"up": {"uv": [3, 13, 2, 14], "rotation": 180, "texture": "#1"},
				"down": {"uv": [2, 13, 3, 14], "texture": "#1"}
			}
		},
		{
			"name": "mace_92",
			"from": [3, 2, 8],
			"to": [4, 3, 9],
			"rotation": {"angle": 0, "axis": "x", "origin": [0, 16, 8]},
			"faces": {
				"north": {"uv": [3, 14, 4, 13], "rotation": 180, "texture": "#1"},
				"east": {"uv": [3, 13, 4, 14], "texture": "#1"},
				"south": {"uv": [3, 13, 4, 14], "texture": "#1"},
				"west": {"uv": [3, 13, 4, 14], "texture": "#1"},
				"up": {"uv": [4, 13, 3, 14], "rotation": 180, "texture": "#1"},
				"down": {"uv": [3, 13, 4, 14], "texture": "#1"}
			}
		},
		{
			"name": "mace_93",
			"from": [0, 1, 8],
			"to": [1, 2, 9],
			"rotation": {"angle": 0, "axis": "x", "origin": [0, 16, 8]},
			"faces": {
				"north": {"uv": [0, 15, 1, 14], "rotation": 180, "texture": "#1"},
				"east": {"uv": [0, 14, 1, 15], "texture": "#1"},
				"south": {"uv": [0, 14, 1, 15], "texture": "#1"},
				"west": {"uv": [0, 14, 1, 15], "texture": "#1"},
				"up": {"uv": [1, 14, 0, 15], "rotation": 180, "texture": "#1"},
				"down": {"uv": [0, 14, 1, 15], "texture": "#1"}
			}
		},
		{
			"name": "mace_94",
			"from": [1, 1, 8],
			"to": [2, 2, 9],
			"rotation": {"angle": 0, "axis": "x", "origin": [0, 16, 8]},
			"faces": {
				"north": {"uv": [1, 15, 2, 14], "rotation": 180, "texture": "#1"},
				"east": {"uv": [1, 14, 2, 15], "texture": "#1"},
				"south": {"uv": [1, 14, 2, 15], "texture": "#1"},
				"west": {"uv": [1, 14, 2, 15], "texture": "#1"},
				"up": {"uv": [2, 14, 1, 15], "rotation": 180, "texture": "#1"},
				"down": {"uv": [1, 14, 2, 15], "texture": "#1"}
			}
		},
		{
			"name": "mace_95",
			"from": [2, 1, 8],
			"to": [3, 2, 9],
			"rotation": {"angle": 0, "axis": "x", "origin": [0, 16, 8]},
			"faces": {
				"north": {"uv": [2, 15, 3, 14], "rotation": 180, "texture": "#1"},
				"east": {"uv": [2, 14, 3, 15], "texture": "#1"},
				"south": {"uv": [2, 14, 3, 15], "texture": "#1"},
				"west": {"uv": [2, 14, 3, 15], "texture": "#1"},
				"up": {"uv": [3, 14, 2, 15], "rotation": 180, "texture": "#1"},
				"down": {"uv": [2, 14, 3, 15], "texture": "#1"}
			}
		},
		{
			"name": "mace_96",
			"from": [0, 0, 8],
			"to": [1, 1, 9],
			"rotation": {"angle": 0, "axis": "x", "origin": [0, 16, 8]},
			"faces": {
				"north": {"uv": [0, 16, 1, 15], "rotation": 180, "texture": "#1"},
				"east": {"uv": [0, 15, 1, 16], "texture": "#1"},
				"south": {"uv": [0, 15, 1, 16], "texture": "#1"},
				"west": {"uv": [0, 15, 1, 16], "texture": "#1"},
				"up": {"uv": [1, 15, 0, 16], "rotation": 180, "texture": "#1"},
				"down": {"uv": [0, 15, 1, 16], "texture": "#1"}
			}
		},
		{
			"name": "mace_97",
			"from": [1, 0, 8],
			"to": [2, 1, 9],
			"rotation": {"angle": 0, "axis": "x", "origin": [0, 16, 8]},
			"faces": {
				"north": {"uv": [1, 16, 2, 15], "rotation": 180, "texture": "#1"},
				"east": {"uv": [1, 15, 2, 16], "texture": "#1"},
				"south": {"uv": [1, 15, 2, 16], "texture": "#1"},
				"west": {"uv": [1, 15, 2, 16], "texture": "#1"},
				"up": {"uv": [2, 15, 1, 16], "rotation": 180, "texture": "#1"},
				"down": {"uv": [1, 15, 2, 16], "texture": "#1"}
			}
		},
		{
			"name": "mace_98",
			"from": [2, 0, 8],
			"to": [3, 1, 9],
			"rotation": {"angle": 0, "axis": "x", "origin": [0, 16, 8]},
			"faces": {
				"north": {"uv": [2, 16, 3, 15], "rotation": 180, "texture": "#1"},
				"east": {"uv": [2, 15, 3, 16], "texture": "#1"},
				"south": {"uv": [2, 15, 3, 16], "texture": "#1"},
				"west": {"uv": [2, 15, 3, 16], "texture": "#1"},
				"up": {"uv": [3, 15, 2, 16], "rotation": 180, "texture": "#1"},
				"down": {"uv": [2, 15, 3, 16], "texture": "#1"}
			}
		}
	],
	"display": {},
	"groups": [
		{
			"name": "mace",
			"origin": [8, 8, 8],
			"color": 0,
			"children": [
				0,
				1,
				2,
				3,
				4,
				5,
				6,
				7,
				8,
				9,
				10,
				11,
				12,
				13,
				14,
				15,
				16,
				17,
				18,
				19,
				20,
				21,
				22,
				23,
				24,
				25,
				26,
				27,
				28,
				29,
				30,
				31,
				32,
				33,
				34,
				35,
				36,
				37,
				38,
				39,
				40,
				41,
				42,
				43,
				44,
				45,
				46,
				47,
				48,
				49,
				50,
				51,
				52,
				53,
				54,
				55,
				56,
				57,
				58,
				59,
				60,
				61,
				62,
				63,
				64,
				65,
				66,
				67,
				68,
				69,
				70,
				71,
				72,
				73,
				74,
				75,
				76,
				77,
				78,
				79,
				80,
				81,
				82,
				83,
				84,
				85,
				86,
				87,
				88,
				89,
				90,
				91,
				92,
				93,
				94,
				95,
				96,
				97,
				98
			]
		}
	]
}